{"stats":{"minecraft:broken":{"minecraft:stone_pickaxe":1,"minecraft:stone_axe":1,"minecraft:wooden_axe":1},"minecraft:killed":{"minecraft:pig":3,"minecraft:sheep":12,"minecraft:horse":1,"minecraft:skeleton":1,"minecraft:zombie":1,"minecraft:chicken":4,"minecraft:cow":8},"minecraft:dropped":{"minecraft:lever":1,"minecraft:rotten_flesh":4,"minecraft:chiseled_stone_bricks":1},"minecraft:mined":{"minecraft:mossy_cobblestone":3,"minecraft:kelp_plant":2,"minecraft:jungle_leaves":23,"minecraft:crafting_table":11,"minecraft:torch":6,"minecraft:grass_block":5,"minecraft:melon":4,"minecraft:jungle_planks":22,"minecraft:jungle_log":36,"minecraft:cobblestone":3,"minecraft:wall_torch":3,"minecraft:chiseled_stone_bricks":1,"minecraft:furnace":1,"minecraft:iron_ore":2,"minecraft:grass":30,"minecraft:coal_ore":173,"minecraft:vine":16,"minecraft:gravel":8,"minecraft:sand":34,"minecraft:dispenser":1,"minecraft:stone":93,"minecraft:fern":6,"minecraft:oak_leaves":5,"minecraft:tripwire":4},"minecraft:custom":{"lootr:looted_stat":2,"minecraft:interact_with_furnace":17,"minecraft:mob_kills":31,"minecraft:interact_with_crafting_table":13,"minecraft:leave_game":2,"minecraft:time_since_death":56637,"minecraft:sleep_in_bed":1,"minecraft:climb_one_cm":4250,"minecraft:time_since_rest":5932,"minecraft:waystone_activated":1,"minecraft:sprint_one_cm":115005,"minecraft:damage_taken":245,"minecraft:walk_one_cm":105273,"minecraft:drop":4,"minecraft:damage_dealt":2945,"minecraft:swim_one_cm":20298,"minecraft:fly_one_cm":153337,"minecraft:crouch_one_cm":417,"minecraft:play_time":56637,"tombstone:undead_killed":2,"minecraft:sneak_time":121,"minecraft:walk_under_water_one_cm":5210,"minecraft:boat_one_cm":12240,"minecraft:jump":923,"minecraft:walk_on_water_one_cm":7438,"minecraft:total_world_time":56637,"minecraft:fall_one_cm":27104,"minecraft:inspect_dispenser":2},"minecraft:used":{"minecraft:stone_sword":63,"minecraft:stone_pickaxe":261,"minecraft:wooden_pickaxe":39,"minecraft:jungle_boat":1,"minecraft:torch":15,"minecraft:dirt":2,"minecraft:crafting_table":12,"minecraft:jungle_planks":22,"minecraft:white_bed":1,"minecraft:wooden_axe":47,"minecraft:stone_axe":120,"immersive_armors:wooden_chestplate":1,"minecraft:cobblestone":23,"minecraft:beef":1,"minecraft:furnace":2,"minecraft:bucket":1,"minecraft:cooked_beef":5,"immersive_armors:wooden_leggings":1},"minecraft:picked_up":{"minecraft:crafting_table":11,"minecraft:jungle_boat":1,"minecraft:feather":5,"minecraft:chicken":4,"minecraft:jungle_log":35,"minecraft:leather":9,"minecraft:flint":2,"minecraft:dirt":3,"minecraft:string":4,"minecraft:bone":2,"minecraft:kelp":9,"minecraft:wheat_seeds":3,"minecraft:beef":18,"minecraft:jungle_sapling":2,"minecraft:light_gray_wool":2,"minecraft:bamboo":24,"minecraft:melon_slice":18,"minecraft:egg":2,"minecraft:furnace":1,"minecraft:raw_iron":2,"minecraft:chiseled_stone_bricks":2,"minecraft:torch":9,"minecraft:gravel":6,"minecraft:jungle_planks":21,"minecraft:porkchop":7,"minecraft:sand":34,"minecraft:mossy_cobblestone":3,"minecraft:rotten_flesh":4,"minecraft:lever":2,"minecraft:oak_sapling":3,"minecraft:mutton":15,"minecraft:coal":173,"minecraft:white_wool":10,"minecraft:cobblestone":93},"minecraft:crafted":{"minecraft:cooked_beef":17,"sophisticatedbackpacks:backpack":1,"minecraft:cooked_porkchop":7,"minecraft:crafting_table":1,"minecraft:jungle_boat":1,"minecraft:wooden_pickaxe":1,"immersive_armors:wooden_leggings":1,"minecraft:furnace":1,"minecraft:bucket":1,"minecraft:stone_axe":1,"minecraft:cooked_mutton":11,"minecraft:air":0,"minecraft:jungle_planks":56,"immersive_armors:wooden_chestplate":1,"minecraft:stick":16,"minecraft:iron_ingot":2,"minecraft:stone_pickaxe":2,"minecraft:wooden_axe":1,"minecraft:stone_sword":1,"minecraft:chest":1,"minecraft:white_bed":1,"immersive_armors:wooden_helmet":1,"minecraft:torch":16}},"DataVersion":3465}