{"stats":{"minecraft:custom":{"minecraft:time_since_rest":11587,"minecraft:waystone_activated":1,"lootr:looted_stat":1,"minecraft:sprint_one_cm":58074,"minecraft:damage_taken":385,"minecraft:walk_one_cm":31348,"minecraft:mob_kills":9,"minecraft:damage_dealt":762,"minecraft:interact_with_crafting_table":2,"minecraft:fly_one_cm":29832,"minecraft:crouch_one_cm":262,"minecraft:play_time":25882,"tombstone:undead_killed":1,"minecraft:deaths":1,"minecraft:sneak_time":63,"minecraft:jump":216,"minecraft:leave_game":1,"minecraft:time_since_death":11694,"minecraft:total_world_time":25882,"minecraft:climb_one_cm":363,"minecraft:fall_one_cm":4183},"minecraft:killed_by":{"minecraft:zombie":1},"minecraft:mined":{"minecraft:crafting_table":1,"minecraft:grass":10,"minecraft:grass_block":1,"minecraft:oak_log":26,"minecraft:melon":1,"minecraft:vine":1,"alexsmobs:leafcutter_ant_chamber":1,"minecraft:tall_grass":1,"minecraft:stone":17,"minecraft:oak_leaves":11,"minecraft:fern":3},"minecraft:killed":{"minecraft:sheep":7,"minecraft:zombie":1,"minecraft:pig":1},"minecraft:crafted":{"minecraft:oak_planks":12,"minecraft:crafting_table":1,"minecraft:stick":4,"minecraft:wooden_pickaxe":1,"minecraft:wooden_axe":1,"immersive_armors:wooden_helmet":1,"immersive_armors:wooden_chestplate":1},"minecraft:picked_up":{"minecraft:crafting_table":1,"minecraft:brown_wool":1,"minecraft:porkchop":3,"minecraft:oak_log":26,"tombstone:grave_dust":2,"minecraft:rotten_flesh":1,"minecraft:wheat_seeds":1,"waystones:waystone":2,"minecraft:light_gray_wool":1,"minecraft:oak_sapling":1,"minecraft:melon_slice":5,"minecraft:mutton":10,"alexsmobs:leafcutter_ant_chamber":1,"minecraft:cobblestone":16,"minecraft:white_wool":5,"minecraft:egg":5},"minecraft:used":{"minecraft:wooden_axe":27,"minecraft:wooden_pickaxe":19,"minecraft:mutton":1,"minecraft:crafting_table":1,"minecraft:porkchop":3,"tombstone:gift":1}},"DataVersion":3465}