{"stats":{"minecraft:broken":{"minecraft:stone_sword":1,"minecraft:stone_pickaxe":3,"minecraft:stone_axe":1,"minecraft:wooden_axe":1},"minecraft:killed":{"minecraft:spider":1,"minecraft:skeleton":2,"alexsmobs:underminer":1,"minecraft:drowned":3,"alexsmobs:flying_fish":2,"artifacts:mimic":1,"minecraft:pig":1,"minecraft:sheep":7,"minecraft:zombie":17,"minecraft:enderman":2,"minecraft:cow":8},"minecraft:dropped":{"minecraft:wheat_seeds":3,"minecraft:stick":2,"minecraft:polished_andesite":2,"paraglider:spirit_orb":2,"alexsmobs:leafcutter_ant_chamber":1,"immersive_armors:wooden_leggings":1,"minecraft:oak_stairs":1,"minecraft:flowering_azalea":1,"minecraft:moss_carpet":2,"minecraft:cobblestone_wall":2,"minecraft:clay_ball":2,"minecraft:filled_map":1,"minecraft:spruce_planks":3,"blue_skies:cooked_monitor_tail":1,"minecraft:redstone_torch":1,"minecraft:wooden_pickaxe":1},"minecraft:mined":{"minecraft:tuff":2,"minecraft:spruce_planks":3,"minecraft:cherry_log":31,"minecraft:spruce_trapdoor":4,"minecraft:granite":16,"minecraft:grass_block":2,"minecraft:yellow_candle":2,"minecraft:brick_stairs":2,"alexsmobs:leafcutter_ant_chamber":1,"minecraft:spawner":1,"minecraft:furnace":1,"minecraft:black_glazed_terracotta":10,"minecraft:iron_ore":40,"minecraft:cobbled_deepslate":1,"minecraft:deepslate_lapis_ore":12,"minecraft:deepslate_iron_ore":23,"blue_skies:spider_webbing":7,"minecraft:vine":1,"minecraft:oak_stairs":1,"minecraft:stone":85,"minecraft:spruce_slab":2,"minecraft:deepslate_redstone_ore":8,"minecraft:gray_terracotta":21,"lootr:lootr_barrel":2,"minecraft:red_wool":1,"minecraft:clay":26,"minecraft:crafting_table":4,"minecraft:melon":1,"minecraft:tall_grass":5,"minecraft:cobblestone":2,"minecraft:deepslate_gold_ore":6,"minecraft:bricks":1,"minecraft:diorite":24,"minecraft:wall_torch":1,"minecraft:red_terracotta":8,"minecraft:coarse_dirt":2,"minecraft:cobblestone_wall":2,"minecraft:magenta_bed":2,"minecraft:grass":18,"minecraft:oak_log":68,"minecraft:coal_ore":2,"minecraft:cherry_leaves":12,"minecraft:gravel":21,"minecraft:dirt":4,"minecraft:cobweb":8,"minecraft:polished_andesite":2,"minecraft:mossy_stone_bricks":1,"minecraft:oak_leaves":21,"minecraft:deepslate":251,"minecraft:fern":3},"minecraft:custom":{"lootr:looted_stat":24,"minecraft:mob_kills":48,"minecraft:interact_with_crafting_table":16,"minecraft:leave_game":5,"minecraft:time_since_death":52287,"minecraft:climb_one_cm":3975,"minecraft:sprint_one_cm":394226,"minecraft:walk_one_cm":309432,"minecraft:drop":25,"minecraft:talked_to_villager":1,"minecraft:play_time":193390,"minecraft:deaths":5,"minecraft:sneak_time":5242,"minecraft:walk_under_water_one_cm":19606,"minecraft:boat_one_cm":392,"minecraft:jump":2412,"minecraft:walk_on_water_one_cm":30530,"minecraft:total_world_time":193390,"minecraft:interact_with_furnace":9,"minecraft:sleep_in_bed":6,"minecraft:time_since_rest":30,"minecraft:waystone_activated":4,"minecraft:damage_taken":3642,"minecraft:damage_dealt":8785,"minecraft:swim_one_cm":48761,"minecraft:fly_one_cm":730169,"minecraft:crouch_one_cm":15610,"tombstone:undead_killed":22,"minecraft:fall_one_cm":155067},"minecraft:used":{"minecraft:cherry_boat":4,"minecraft:moss_block":13,"minecraft:stone_sword":118,"minecraft:spruce_slab":2,"minecraft:torch":16,"minecraft:mutton":10,"minecraft:wooden_axe":44,"minecraft:red_wool":1,"alexsmobs:ghostly_pickaxe":57,"minecraft:barrel":2,"minecraft:bow":2,"tombstone:gift":3,"minecraft:cooked_beef":9,"minecraft:cobbled_deepslate":276,"tombstone:scroll_of_knowledge":1,"minecraft:stone_pickaxe":505,"minecraft:wooden_pickaxe":24,"minecraft:crafting_table":7,"minecraft:magenta_bed":3,"minecraft:cake":1,"waystones:waystone":2,"blue_skies:brewberry":1,"sophisticatedbackpacks:backpack":1,"minecraft:melon_slice":5,"minecraft:bread":31,"minecraft:spruce_trapdoor":1,"minecraft:stone_axe":156,"minecraft:cobblestone":24,"minecraft:porkchop":3},"minecraft:killed_by":{"minecraft:spider":1,"cataclysm:deepling_brute":1,"minecraft:skeleton":1,"minecraft:zombie":1},"minecraft:picked_up":{"minecraft:coarse_dirt":2,"minecraft:crafting_table":4,"minecraft:clay_ball":130,"minecraft:oak_stairs":1,"minecraft:yellow_candle":3,"minecraft:string":17,"minecraft:moss_carpet":2,"minecraft:cherry_boat":4,"minecraft:cobbled_deepslate":266,"minecraft:black_glazed_terracotta":10,"minecraft:spruce_planks":3,"minecraft:beef":20,"minecraft:redstone_torch":1,"immersive_armors:wooden_leggings":1,"minecraft:spruce_slab":2,"minecraft:light_gray_wool":1,"minecraft:egg":5,"minecraft:melon_slice":5,"minecraft:iron_boots":2,"minecraft:spruce_trapdoor":4,"minecraft:furnace":1,"alexsmobs:leafcutter_ant_chamber":2,"minecraft:stick":15,"minecraft:raw_iron":63,"minecraft:torch":1,"minecraft:porkchop":3,"minecraft:cherry_log":31,"tombstone:grave_dust":6,"minecraft:diorite":24,"minecraft:redstone":38,"minecraft:rotten_flesh":19,"minecraft:arrow":2,"minecraft:brick_stairs":2,"alexsmobs:ghostly_pickaxe":1,"minecraft:mutton":10,"minecraft:glow_berries":4,"minecraft:white_wool":5,"alexsmobs:flying_fish":2,"minecraft:cobblestone":86,"minecraft:glow_ink_sac":3,"blue_skies:brewberry":1,"minecraft:leather":8,"minecraft:brown_wool":1,"paraglider:spirit_orb":4,"minecraft:flint":2,"minecraft:tuff":2,"minecraft:oak_log":68,"minecraft:gunpowder":2,"minecraft:magenta_bed":3,"artifacts:cloud_in_a_bottle":1,"minecraft:cobblestone_wall":2,"minecraft:lapis_lazuli":73,"minecraft:dirt":5,"minecraft:bone":1,"minecraft:gray_terracotta":21,"minecraft:wheat_seeds":6,"minecraft:raw_gold":6,"minecraft:moss_block":16,"minecraft:flowering_azalea":1,"minecraft:sweet_berries":18,"minecraft:red_wool":1,"minecraft:gravel":17,"sophisticatedbackpacks:iron_backpack":1,"minecraft:grass_block":2,"minecraft:red_terracotta":8,"minecraft:barrel":2,"minecraft:polished_andesite":2,"waystones:waystone":2,"minecraft:granite":16,"minecraft:cherry_sapling":15,"tombstone:magic_scroll":1,"minecraft:oak_sapling":5,"minecraft:bricks":1,"minecraft:coal":2,"minecraft:ender_pearl":2},"minecraft:crafted":{"minecraft:cherry_planks":28,"immersive_armors:robe_boots":1,"minecraft:oak_planks":32,"minecraft:furnace":1,"minecraft:cherry_boat":1,"minecraft:piston":2,"sophisticatedbackpacks:crafting_upgrade":1,"immersive_armors:steampunk_leggings":1,"immersive_armors:wooden_chestplate":1,"sophisticatedbackpacks:smelting_upgrade":1,"minecraft:bow":1,"minecraft:stone_pickaxe":4,"minecraft:chest":1,"immersive_armors:wooden_helmet":1,"minecraft:crafting_table":4,"minecraft:wooden_pickaxe":1,"immersive_armors:wooden_leggings":1,"sophisticatedbackpacks:gold_backpack":1,"minecraft:stone_axe":1,"sophisticatedbackpacks:upgrade_base":2,"minecraft:bread":12,"minecraft:air":0,"minecraft:shield":1,"minecraft:stick":16,"minecraft:iron_ingot":12,"minecraft:wooden_axe":1,"minecraft:stone_sword":1,"minecraft:gold_ingot":36,"minecraft:redstone_torch":1,"immersive_armors:divine_boots":1}},"DataVersion":3465}