{"stats":{"minecraft:killed_by":{"minecraft:skeleton":1,"minecraft:spider":1,"minecraft:zombie":1},"minecraft:dropped":{"minecraft:moss_carpet":2,"minecraft:wheat_seeds":3,"minecraft:cobblestone_wall":2,"minecraft:clay_ball":2,"minecraft:polished_andesite":2,"minecraft:stick":2,"paraglider:spirit_orb":2,"minecraft:spruce_planks":3,"alexsmobs:leafcutter_ant_chamber":1,"immersive_armors:wooden_leggings":1,"blue_skies:cooked_monitor_tail":1,"minecraft:oak_stairs":1,"minecraft:redstone_torch":1,"minecraft:flowering_azalea":1,"minecraft:wooden_pickaxe":1},"minecraft:mined":{"minecraft:tuff":2,"minecraft:spruce_planks":3,"lootr:lootr_barrel":2,"minecraft:red_wool":1,"minecraft:cherry_log":31,"minecraft:clay":26,"minecraft:crafting_table":3,"minecraft:spruce_trapdoor":4,"minecraft:granite":16,"minecraft:grass_block":1,"minecraft:yellow_candle":2,"minecraft:melon":1,"alexsmobs:leafcutter_ant_chamber":1,"minecraft:tall_grass":5,"minecraft:cobblestone":1,"minecraft:diorite":24,"minecraft:spawner":1,"minecraft:furnace":1,"minecraft:cobblestone_wall":2,"minecraft:iron_ore":18,"minecraft:magenta_bed":2,"minecraft:oak_stairs":1,"minecraft:grass":17,"blue_skies:spider_webbing":7,"minecraft:oak_log":26,"minecraft:coal_ore":2,"minecraft:deepslate_iron_ore":13,"minecraft:vine":1,"minecraft:cherry_leaves":12,"minecraft:gravel":5,"minecraft:cobweb":3,"minecraft:polished_andesite":2,"minecraft:stone":75,"minecraft:spruce_slab":2,"minecraft:oak_leaves":14,"minecraft:deepslate":238,"minecraft:fern":3},"minecraft:custom":{"minecraft:interact_with_furnace":9,"lootr:looted_stat":20,"minecraft:mob_kills":20,"minecraft:interact_with_crafting_table":11,"minecraft:leave_game":4,"minecraft:time_since_death":33856,"minecraft:sleep_in_bed":3,"minecraft:climb_one_cm":3675,"minecraft:time_since_rest":13062,"minecraft:waystone_activated":3,"minecraft:sprint_one_cm":208201,"minecraft:damage_taken":1801,"minecraft:walk_one_cm":184370,"minecraft:drop":24,"minecraft:damage_dealt":3837,"minecraft:talked_to_villager":1,"minecraft:swim_one_cm":7483,"minecraft:fly_one_cm":381345,"minecraft:crouch_one_cm":5131,"minecraft:play_time":121503,"minecraft:sneak_time":2295,"tombstone:undead_killed":10,"minecraft:deaths":4,"minecraft:walk_under_water_one_cm":5053,"minecraft:jump":1087,"minecraft:walk_on_water_one_cm":5309,"minecraft:total_world_time":121503,"minecraft:fall_one_cm":55554},"minecraft:picked_up":{"minecraft:crafting_table":3,"minecraft:clay_ball":130,"minecraft:brown_wool":1,"minecraft:oak_stairs":1,"paraglider:spirit_orb":4,"minecraft:tuff":2,"minecraft:oak_log":26,"minecraft:cobblestone_wall":2,"minecraft:yellow_candle":3,"minecraft:magenta_bed":3,"minecraft:gunpowder":2,"artifacts:cloud_in_a_bottle":1,"minecraft:string":12,"minecraft:moss_carpet":2,"minecraft:bone":1,"minecraft:wheat_seeds":6,"minecraft:cobbled_deepslate":253,"minecraft:spruce_planks":3,"immersive_armors:wooden_leggings":1,"minecraft:redstone_torch":1,"minecraft:spruce_slab":2,"minecraft:light_gray_wool":1,"minecraft:spruce_trapdoor":4,"minecraft:melon_slice":5,"minecraft:moss_block":16,"minecraft:egg":5,"minecraft:furnace":1,"minecraft:flowering_azalea":1,"minecraft:iron_boots":2,"alexsmobs:leafcutter_ant_chamber":2,"minecraft:stick":11,"minecraft:raw_iron":31,"minecraft:red_wool":1,"minecraft:gravel":5,"minecraft:porkchop":3,"minecraft:cherry_log":31,"sophisticatedbackpacks:iron_backpack":1,"tombstone:grave_dust":3,"minecraft:diorite":24,"minecraft:redstone":3,"minecraft:barrel":2,"minecraft:polished_andesite":2,"minecraft:arrow":2,"minecraft:rotten_flesh":8,"waystones:waystone":2,"minecraft:granite":16,"minecraft:cherry_sapling":15,"minecraft:oak_sapling":2,"minecraft:glow_berries":4,"minecraft:mutton":10,"minecraft:coal":2,"minecraft:white_wool":5,"minecraft:cobblestone":75},"minecraft:used":{"minecraft:moss_block":13,"minecraft:stone_sword":63,"minecraft:spruce_slab":2,"minecraft:stone_pickaxe":402,"minecraft:wooden_pickaxe":24,"minecraft:mutton":10,"minecraft:crafting_table":5,"minecraft:magenta_bed":3,"minecraft:cake":1,"waystones:waystone":2,"minecraft:wooden_axe":44,"sophisticatedbackpacks:backpack":1,"minecraft:red_wool":1,"minecraft:bread":11,"minecraft:melon_slice":5,"minecraft:spruce_trapdoor":1,"minecraft:barrel":2,"minecraft:stone_axe":67,"minecraft:cobblestone":1,"minecraft:porkchop":3,"tombstone:gift":3,"minecraft:cobbled_deepslate":47},"minecraft:broken":{"minecraft:stone_pickaxe":3,"minecraft:wooden_axe":1},"minecraft:killed":{"minecraft:pig":1,"minecraft:spider":1,"minecraft:sheep":7,"minecraft:skeleton":2,"minecraft:zombie":8,"artifacts:mimic":1},"minecraft:crafted":{"minecraft:cherry_planks":12,"immersive_armors:robe_boots":1,"minecraft:oak_planks":24,"minecraft:crafting_table":2,"minecraft:wooden_pickaxe":1,"immersive_armors:wooden_leggings":1,"minecraft:piston":2,"sophisticatedbackpacks:gold_backpack":1,"immersive_armors:steampunk_leggings":1,"minecraft:stone_axe":1,"minecraft:air":0,"immersive_armors:wooden_chestplate":1,"minecraft:shield":1,"minecraft:stick":16,"minecraft:gold_ingot":36,"minecraft:iron_ingot":12,"minecraft:stone_pickaxe":4,"minecraft:wooden_axe":1,"minecraft:stone_sword":1,"immersive_armors:wooden_helmet":1,"minecraft:redstone_torch":1,"immersive_armors:divine_boots":1}},"DataVersion":3465}